Road,Scenario,Seed,Average_driving_time,Accumulate_delay_time,Average_delay_time,Broken_bridges
N1,1,564943,578.0,0,0.0,
N1,1,482470,578.0,0,0.0,
N1,1,982414,578.0,0,0.0,
N1,1,388335,578.0,0,0.0,
N1,1,833734,706.1757902852737,170215,131.23747108712413,N1_850
N1,1,812493,578.0,0,0.0,
N1,1,282602,578.0,0,0.0,
N1,1,887841,578.0,0,0.0,
N1,1,390051,578.0,0,0.0,
N1,1,860523,578.0,0,0.0,
