Scenario,Seed,Average_driving_time,Total_waiting_time,Average_waiting_time,Top 10 delays
0,155379,332.72166045769023,865704,460.7259180415114,"{'10690': 160.76285891243333, '11465': 101.4113618502534, '10970': 82.75040498840863, '10034': 72.83379789883207, '10278': 71.70085279139533, '12411': 66.7176048676697, '11581': 63.06414530710605, '11321': 60.33908845746883, '12517': 59.97092602242698, '12149': 58.85907986142399}"
0,874418,393.2667804323094,1012624,576.0091012514221,"{'11465': 159.76208698547532, '10062': 146.90971493399314, '11481': 123.19959879177426, '12013': 113.71264837838979, '12993': 85.48633519363096, '10054': 61.56357353106998, '10146': 58.321659715740424, '10834': 56.320469644227806, '10558': 55.65257061521376, '12503': 55.32553584702356}"
0,673270,323.2352272727273,946084,537.5477272727272,"{'11543': 105.69777948977983, '10034': 88.92356865945789, '10954': 87.59356098105776, '11497': 86.22257495362243, '11553': 86.10551161529918, '10714': 78.94198734233277, '10282': 66.08379883700029, '11645': 59.38764023659533, '12592': 58.38881933806838, '12477': 57.588620475548005}"
