Scenario,Seed,Average_driving_time,Total_waiting_time,Average_waiting_time,Top 10 delays
0,978560,304.94689378757516,778849,390.2049098196393,"{'12187': 85.19485400209922, '10540': 83.37202565360003, '12015': 80.89080355798828, '10714': 77.21429341968393, '11321': 73.96854737570371, '10954': 60.38795135775687, '12993': 58.32017281510272, '12258': 57.38360524672907, '11018': 56.156950547148185, '13003': 55.656694799950984}"
0,893000,364.92760416666664,894144,465.7,"{'11481': 139.0331317860575, '12021': 88.84651187600089, '10034': 84.68191560934757, '10512': 69.36445308216646, '11699': 64.48588315868706, '10472': 58.74874144383083, '11294': 56.653529101168196, '10166': 56.1695117226397, '12810': 53.67157553994721, '10430': 53.60527029023074}"
0,367140,293.1442307692308,757887,383.54605263157896,"{'12013': 141.1695714865041, '11543': 115.71434713180066, '12227': 83.57635292024068, '10174': 56.754935584077415, '12895': 53.617847321879594, '11066': 53.308757604231246, '12616': 52.70162143105513, '12497': 51.72514306082657, '11026': 49.752799577704536, '11383': 49.61421667517088}"
