Scenario,Seed,Average_driving_time,Total_waiting_time,Average_waiting_time,Top 10 delays
1,897653,395.580254391278,1077157,652.4270139309509,"{'12296': 155.60708361576067, '11465': 137.8298713188646, '11543': 108.27873725693395, '10060': 105.49676390691351, '12013': 92.93759283672267, '11553': 85.78423034323468, '10278': 84.89057357680878, '10822': 77.77929405495956, '10102': 77.61283071825721, '12403': 75.28227974405637}"
1,602837,360.2656336469286,960324,531.4465965688987,"{'11435': 154.05963002448937, '10114': 122.85251739169973, '11953': 87.0269226083193, '11553': 86.19101844623896, '10100': 83.78759699785951, '11775': 82.99507080548568, '11497': 80.28325548220889, '12013': 79.39862485302469, '12993': 72.63870608001922, '12203': 65.50593851098881}"
