Scenario,Seed,Average_driving_time,Total_waiting_time,Average_waiting_time,Categories,Broken_bridges,Average Speed
1,553952,166.0,885,177.0,D,N1_1049,2840.4695326326882
1,691163,189.75,1034,258.5,D,N1_1049,2551.165150946894
1,572972,182.33333333333334,984,164.0,D,N1_788,2575.170411343639
1,774278,113.57142857142857,513,73.28571428571429,D,N1_930,4080.0234564088123
1,421327,58.0,0,0.0,,,7967.655172413784
