Scenario,Seed,Average_driving_time,Total_waiting_time,Average_waiting_time,Categories,Broken_bridges
1,399247,25.302918017600742,0,0.0,,
1,342620,45.749303621169915,45886,21.302692664809655,"D, D","N1_842, N106_110"
1,534860,38.19461216906642,29590,13.743613562470971,D,N207_66
1,889940,25.149212233549584,0,0.0,,
1,739830,38.71938775510204,30288,14.048237476808906,D,N1_850
