Road,Scenario,Seed,Average_driving_time,Total_waiting_time
N1,0,896531,133.32722143864598,240618
N1,0,715067,378.92888670917114,765282
N1,0,790195,153.17092803030303,284711
