Road,Scenario,Seed,Average_driving_time,Total_waiting_time
N1,1,367444,37.30315691736305,0
N1,1,354268,52.509065550906556,0
N1,1,178805,39.7330547818013,0
