Road,Scenario,Seed,Average_driving_time,Total_waiting_time
N1,1,897085,25.06577119036591,0
N1,1,575539,25.077386468952735,0
